tag_id,ring_number,scientific_name,manufacturer,model,firmware,weight,attachment_type,readout_method,tag_comments
22AS,E000501,Caprimulgus europeaus,Swiss Ornithological Institue,HW_GDL3pam_V2.3,FW_GDL3pam_V2.3.1,,backpack-harness,tag-retrieval,
22AY,E000389,Caprimulgus europeaus,Swiss Ornithological Institue,HW_GDL3pam_V2.3,FW_GDL3pam_V2.3.1,,backpack-harness,tag-retrieval,
22AZ,E000397,Caprimulgus europeaus,Swiss Ornithological Institue,HW_GDL3pam_V2.3,FW_GDL3pam_V2.3.1,,backpack-harness,tag-retrieval,
22BA,E000504,Caprimulgus europeaus,Swiss Ornithological Institue,HW_GDL3pam_V2.3,FW_GDL3pam_V2.3.1,,backpack-harness,tag-retrieval,
22BB,E000506,Caprimulgus europeaus,Swiss Ornithological Institue,HW_GDL3pam_V2.3,FW_GDL3pam_V2.3.1,,backpack-harness,tag-retrieval,
22BC,E000509,Caprimulgus europeaus,Swiss Ornithological Institue,HW_GDL3pam_V2.3,FW_GDL3pam_V2.3.1,,backpack-harness,tag-retrieval,
22BD,E000394,Caprimulgus europeaus,Swiss Ornithological Institue,HW_GDL3pam_V2.3,FW_GDL3pam_V2.3.1,,backpack-harness,tag-retrieval,
22BI,E000382,Caprimulgus europeaus,Swiss Ornithological Institue,HW_GDL3pam_V2.3,FW_GDL3pam_V2.3.1,,backpack-harness,tag-retrieval,
22BJ,E000507,Caprimulgus europeaus,Swiss Ornithological Institue,HW_GDL3pam_V2.3,FW_GDL3pam_V2.3.1,,backpack-harness,tag-retrieval,
22BQ,E000510,Caprimulgus europeaus,Swiss Ornithological Institue,HW_GDL3pam_V2.3,FW_GDL3pam_V2.3.1,,backpack-harness,tag-retrieval,
22BR,E000396,Caprimulgus europeaus,Swiss Ornithological Institue,HW_GDL3pam_V2.3,FW_GDL3pam_V2.3.1,,backpack-harness,tag-retrieval,
22BS,E000383,Caprimulgus europeaus,Swiss Ornithological Institue,HW_GDL3pam_V2.3,FW_GDL3pam_V2.3.1,,backpack-harness,tag-retrieval,
22BT,E000393,Caprimulgus europeaus,Swiss Ornithological Institue,HW_GDL3pam_V2.3,FW_GDL3pam_V2.3.1,,backpack-harness,tag-retrieval,
22BU,E000379,Caprimulgus europeaus,Swiss Ornithological Institue,HW_GDL3pam_V2.3,FW_GDL3pam_V2.3.1,,backpack-harness,tag-retrieval,
22BV,E000398,Caprimulgus europeaus,Swiss Ornithological Institue,HW_GDL3pam_V2.3,FW_GDL3pam_V2.3.1,,backpack-harness,tag-retrieval,
22BW,E000388,Caprimulgus europeaus,Swiss Ornithological Institue,HW_GDL3pam_V2.3,FW_GDL3pam_V2.3.1,,backpack-harness,tag-retrieval,
22BX,E000390,Caprimulgus europeaus,Swiss Ornithological Institue,HW_GDL3pam_V2.3,FW_GDL3pam_V2.3.1,,backpack-harness,tag-retrieval,
22BZ,E000511,Caprimulgus europeaus,Swiss Ornithological Institue,HW_GDL3pam_V2.3,FW_GDL3pam_V2.3.1,,backpack-harness,tag-retrieval,
22CA,E000378,Caprimulgus europeaus,Swiss Ornithological Institue,HW_GDL3pam_V2.3,FW_GDL3pam_V2.3.1,,backpack-harness,tag-retrieval,
22CB,E000387,Caprimulgus europeaus,Swiss Ornithological Institue,HW_GDL3pam_V2.3,FW_GDL3pam_V2.3.1,,backpack-harness,tag-retrieval,
24ED,MN06010,Caprimulgus europeaus,Swiss Ornithological Institue,GDL3pam_V2.3,GDL3pam_V2.5.0,,backpack-harness,tag-retrieval,
24ER,MN06028,Caprimulgus europeaus,Swiss Ornithological Institue,GDL3pam_V2.3,GDL3pam_V2.5.0,,backpack-harness,tag-retrieval,
24ET,MN06037,Caprimulgus europeaus,Swiss Ornithological Institue,GDL3pam_V2.3,GDL3pam_V2.5.0,,backpack-harness,tag-retrieval,
24EU,MN06007,Caprimulgus europeaus,Swiss Ornithological Institue,GDL3pam_V2.3,GDL3pam_V2.5.0,,backpack-harness,tag-retrieval,
24EX,MN06027,Caprimulgus europeaus,Swiss Ornithological Institue,GDL3pam_V2.3,GDL3pam_V2.5.0,,backpack-harness,tag-retrieval,
24FA,MN06096,Caprimulgus jotaka,Swiss Ornithological Institue,GDL3pam_V2.3,GDL3pam_V2.5.0,,backpack-harness,tag-retrieval,
24FB,MN06033,Caprimulgus europeaus,Swiss Ornithological Institue,GDL3pam_V2.3,GDL3pam_V2.5.0,,backpack-harness,tag-retrieval,
24FD,MN06006,Caprimulgus europeaus,Swiss Ornithological Institue,GDL3pam_V2.3,GDL3pam_V2.5.0,,backpack-harness,tag-retrieval,
24FE,MN06002,Caprimulgus jotaka,Swiss Ornithological Institue,GDL3pam_V2.3,GDL3pam_V2.5.0,,backpack-harness,tag-retrieval,
24FG,MN06018,Caprimulgus europeaus,Swiss Ornithological Institue,GDL3pam_V2.3,GDL3pam_V2.5.0,,backpack-harness,tag-retrieval,
24FH,MN06090,Caprimulgus jotaka,Swiss Ornithological Institue,GDL3pam_V2.3,GDL3pam_V2.5.0,,backpack-harness,tag-retrieval,
24FO,MN06036,Caprimulgus europeaus,Swiss Ornithological Institue,GDL3pam_V2.3,GDL3pam_V2.5.0,,backpack-harness,tag-retrieval,
24FP,MN06035,Caprimulgus europeaus,Swiss Ornithological Institue,GDL3pam_V2.3,GDL3pam_V2.5.0,,backpack-harness,tag-retrieval,
24FQ,MN06016,Caprimulgus europeaus,Swiss Ornithological Institue,GDL3pam_V2.3,GDL3pam_V2.5.0,,backpack-harness,tag-retrieval,
24FR,MN06034,Caprimulgus europeaus,Swiss Ornithological Institue,GDL3pam_V2.3,GDL3pam_V2.5.0,,backpack-harness,tag-retrieval,
24FS,E000516,Caprimulgus europeaus,Swiss Ornithological Institue,GDL3pam_V2.3,GDL3pam_V2.5.0,,backpack-harness,tag-retrieval,
24FT,MN06030,Caprimulgus europeaus,Swiss Ornithological Institue,GDL3pam_V2.3,GDL3pam_V2.5.0,,backpack-harness,tag-retrieval,
24FU,MN06003,Caprimulgus jotaka,Swiss Ornithological Institue,GDL3pam_V2.3,GDL3pam_V2.5.0,,backpack-harness,tag-retrieval,
24FV,E000393,Caprimulgus europeaus,Swiss Ornithological Institue,GDL3pam_V2.3,GDL3pam_V2.5.0,,backpack-harness,tag-retrieval,
24GH,MN06021,Caprimulgus europeaus,Swiss Ornithological Institue,GDL3pam_V2.3,GDL3pam_V2.5.0,,backpack-harness,tag-retrieval,
24GJ,MN06024,Caprimulgus europeaus,Swiss Ornithological Institue,GDL3pam_V2.3,GDL3pam_V2.5.0,,backpack-harness,tag-retrieval,
24GK,MN06025,Caprimulgus europeaus,Swiss Ornithological Institue,GDL3pam_V2.3,GDL3pam_V2.5.0,,backpack-harness,tag-retrieval,
24GL,MN06022,Caprimulgus europeaus,Swiss Ornithological Institue,GDL3pam_V2.3,GDL3pam_V2.5.0,,backpack-harness,tag-retrieval,
24GY,MN06019,Caprimulgus europeaus,Swiss Ornithological Institue,GDL3pam_V2.3,GDL3pam_V2.5.0,,backpack-harness,tag-retrieval,
24GZ,MN06023,Caprimulgus europeaus,Swiss Ornithological Institue,GDL3pam_V2.3,GDL3pam_V2.5.0,,backpack-harness,tag-retrieval,
24HA,MN06011,Caprimulgus europeaus,Swiss Ornithological Institue,GDL3pam_V2.3,GDL3pam_V2.5.0,,backpack-harness,tag-retrieval,
24HB,MN06014,Caprimulgus europeaus,Swiss Ornithological Institue,GDL3pam_V2.3,GDL3pam_V2.5.0,,backpack-harness,tag-retrieval,
24HC,MN06012,Caprimulgus europeaus,Swiss Ornithological Institue,GDL3pam_V2.3,GDL3pam_V2.5.0,,backpack-harness,tag-retrieval,
24HD,E000383,Caprimulgus europeaus,Swiss Ornithological Institue,GDL3pam_V2.3,GDL3pam_V2.5.0,,backpack-harness,tag-retrieval,